SCC: ,NOX (kg),PM25-PRI (kg),SO2 (kg),VOC (kg),SCC_descriptions,total[Emissions],total[NOx],total[PRI],total[SO2],total[VOC],total[NH3],tot_deathsE,deaths_whiteE,death_blackE,death_nativeE,death_asianE,death_otherE,death_latinoE,death_povertyE,death_twoxpovE,tot_deathsnox,deaths_whitenox,death_blacknox,death_nativenox,death_asiannox,death_othernox,death_latinonox,death_povertynox,death_twoxpovnox,tot_deathspri,deaths_whitepri,death_blackpri,death_nativepri,death_asianpri,death_otherpri,death_latinopri,death_povertypri,death_twoxpovpri,tot_deathsvoc,deaths_whitevoc,death_blackvoc,death_nativevoc,death_asianvoc,death_othervoc,death_latinovoc,death_povertyvoc,death_twoxpovvoc,tot_deathsso2,deaths_whiteso2,death_blackso2,death_nativeso2,death_asianso2,death_otherso2,death_latinoso2,death_povertyso2,death_twoxpovso2,tot_deathsnh3,deaths_whitenh3,death_blacknh3,death_nativenh3,death_asiannh3,death_othernh3,death_latinonh3,death_povertynh3,death_twoxpovnh3,BigTOTAL,BigHEALTH
2310000000,9.83673444624397e+06,7360.58812503498,10475.772610060301,4.84092430747737e+06,,,"""Industrial Processes;Oil and Gas Production: SIC 13;All Processes;Total: All Processes""",79.26656291745662,82.78584104386903,888.9926081360267,151.17874790132126,42.81718007561613,247.84996605949314,29.33117840759771,20.850296321488596,4.341198626115006,0.17878829659579673,0.5416461110294822,0.5155709911149342,2.9036780206221335,4.6332971005374635,18.26028295135657,34.85704244080598,25.51337795685926,4.519200924110737,0.22104811508669853,0.6064094565121825,0.6145512451440431,3.3824547011377293,5.285066950776694,21.892318849091012,273.38651913533414,168.11415236632027,59.01933891711442,1.549551161401426,6.393997456595569,5.0278585709011265,33.281620071704445,48.427489381777534,165.76024749554165,71.93450551082415,52.05176573051133,9.651798866144825,0.3309677674188917,1.7478251805618596,1.359641497652348,6.79250646560002,10.563413502346897,46.020386773671966,13.19738303770928,7.996185111650297,3.3183594369481697,0.09418534147230488,0.25778781835361836,0.22971214940329984,1.3011531503683176,2.4817882233599913,7.748259677665088,100.11410274769823,70.12625070287056,13.731448338085789,0.47977104100299584,2.541464669941129,1.929237821598914,11.305930100081198,14.769930899574275,64.41719350516404,6.201000043380017e-13,0
