Group,File,NOX (kg),PM25-PRI (kg),SO2 (kg),VOC (kg)
np_oilgas,/home/mkelp/nei2011Dir/2011eh_cb05_v6_11g/inputs/np_oilgas/np_oilgas_2011NEIv2_NONPOINT_20141108_11nov2014_v0.csv,5.883258087764715e+08,1.3941636693189804e+07,1.678675928153908e+07,2.435598282740994e+09
